{"inputUnits":[34],"outputUnits":6,"inputs":{"0":{"dtype":"number","min":259.9836463779791,"max":394.83172969595466},"1":{"dtype":"number","min":219.4001004111442,"max":277.96518414864744},"2":{"dtype":"number","min":270.3038701751353,"max":411.53965337731034},"3":{"dtype":"number","min":204.0334079608843,"max":267.70570510092415},"4":{"dtype":"number","min":245.07867360393362,"max":387.9013168394334},"5":{"dtype":"number","min":206.26129031645183,"max":269.77352157177165},"6":{"dtype":"number","min":301.90847077722213,"max":431.0083649037877},"7":{"dtype":"number","min":211.17883585770306,"max":268.09570549990883},"8":{"dtype":"number","min":227.9580213494802,"max":364.35020476463706},"9":{"dtype":"number","min":210.35145087928623,"max":270.0583051985804},"10":{"dtype":"number","min":328.2281155716121,"max":437.3356806536129},"11":{"dtype":"number","min":257.5338175139075,"max":343.8003100680934},"12":{"dtype":"number","min":204.79541348112232,"max":354.34633485074175},"13":{"dtype":"number","min":234.5627665241405,"max":337.9149595030551},"14":{"dtype":"number","min":378.07242664381687,"max":494.0609266229177},"15":{"dtype":"number","min":290.08581495470577,"max":470.7085825404305},"16":{"dtype":"number","min":178.55369716302894,"max":295.56371666578},"17":{"dtype":"number","min":263.939891770656,"max":485.82280140442606},"18":{"dtype":"number","min":289.48381119665004,"max":535.5043486955101},"19":{"dtype":"number","min":194.2528584402359,"max":355.09009839959646},"20":{"dtype":"number","min":130.24287361115333,"max":357.295711680609},"21":{"dtype":"number","min":180.8464269972033,"max":371.87421509264044},"22":{"dtype":"number","min":291.22411586895066,"max":425.74152015062623},"23":{"dtype":"number","min":434.599165860781,"max":556.232371497247},"24":{"dtype":"number","min":225.24580899843446,"max":344.0192647852322},"25":{"dtype":"number","min":437.7327500428671,"max":549.4489546601411},"26":{"dtype":"number","min":318.95841015915926,"max":460.14013386885944},"27":{"dtype":"number","min":544.5472509480636,"max":590.4210950799489},"28":{"dtype":"number","min":233.93941797634972,"max":348.0283032131566},"29":{"dtype":"number","min":558.2708024793099,"max":594.6717614793592},"30":{"dtype":"number","min":319.8960848262802,"max":437.42266755159727},"31":{"dtype":"number","min":555.9677504008846,"max":590.0401074598735},"32":{"dtype":"number","min":224.56625853067243,"max":353.1409237635275},"33":{"dtype":"number","min":555.5420097024524,"max":587.6567297315784}},"outputs":{"0":{"dtype":"string","min":0,"max":1,"uniqueValues":["RightJab","LeftJab","Block","Normal","RightUpperCut","LeftUpperCut"],"legend":{"RightJab":[1,0,0,0,0,0],"LeftJab":[0,1,0,0,0,0],"Block":[0,0,1,0,0,0],"Normal":[0,0,0,1,0,0],"RightUpperCut":[0,0,0,0,1,0],"LeftUpperCut":[0,0,0,0,0,1]}}},"isNormalized":true}